Name,Sort,Mnemonic code,External ID,Modif.,ID,Default Phone,GB ID,Global Region,ISOCode2,ISOCode3,Locale,Prohibited for Registration,Queue,Region,Salesforce ID,Sub-region
Zimbabwe,2550,zimbabwe,a0Ea000000GlKAXEA3,3/28/24 11:04,5957,263,229,META,ZW,ZWE,English (United States),N,[128402] (AFSalesOrder.Queue@kaspersky.com) AF Owner Queue,Africa [4717],a0Ea000000GlKAXEA3,Africa
Zambia,2540,zambia,a0Ea000000GlKAWEA3,3/28/24 11:04,5956,260,228,META,ZM,ZMB,English (United States),N,[128402] (AFSalesOrder.Queue@kaspersky.com) AF Owner Queue,Africa [4717],a0Ea000000GlKAWEA3,Africa
Yugoslavia,2530,yugoslavia,a0Ea000000GlKAVEA3,3/28/24 11:04,5955,38,227,Europe,YU,YUG,English (United States),Y,[128414] (EESalesOrder.Queue@kaspersky.com) EE Owner Queue,Eastern Europe [4743],a0Ea000000GlKAVEA3,Eastern Europe
Yemen,2520,yemen,a0Ea000000GlKAUEA3,3/28/24 11:04,5954,967,226,META,YE,YEM,English (United States),N,[128430] (MESalesOrder.Queue@kaspersky.com) ME Owner Queue,Middle East [4767],a0Ea000000GlKAUEA3,Middle East
Western Sahara,2510,western-sahara,a0Ea000000GlKAfEAN,3/28/24 11:04,5953,212,290,Europe,EH,ESH,French,N,[128416] (FranceSalesOrder.Queue@kaspersky.com) France Owner Queue,France+ [4747],a0Ea000000GlKAfEAN,NWC Africa
Wallis And Futuna Islands,2500,wallis-and-futuna-islands,a0Ea000000GlKATEA3,3/28/24 11:04,5952,681,225,Europe,WF,WLF,French,N,[128416] (FranceSalesOrder.Queue@kaspersky.com) France Owner Queue,France+ [4747],a0Ea000000GlKATEA3,France
Viet Nam,2490,viet-nam,a0Ea000000GlKAREA3,3/28/24 11:04,5951,84,222,APAC,VN,VNM,English (United States),N,[128444] (SEASalesOrder.Queue@kaspersky.com) SEA Owner Queue,South East Asia [4783],a0Ea000000GlKAREA3,South East Asia
Venezuela,2480,venezuela,a0Ea000000GlKAQEA3,3/28/24 11:04,5950,58,221,Americas,VE,VEN,Spanish (Mexico),Y,[128436] (NOLASalesOrder.Queue@kaspersky.com) NOLA Owner Queue,NOLA [4769],a0Ea000000GlKAQEA3,NOLA
Vatican City State,2470,vatican-city-state,a0Ea000000GlKAPEA3,3/28/24 11:04,5949,379,220,Europe,VA,VAT,English (United States),Y,[128424] (ItalySalesOrder.Queue@kaspersky.com) Italy Owner Queue,Italy [4757],a0Ea000000GlKAPEA3,Italy
Vanuatu,2460,vanuatu,a0Ea000000GlKAOEA3,3/28/24 11:04,5948,678,219,APAC,VU,VUT,English (United States),N,[128404] (ANZSalesOrder.Queue@kaspersky.com) ANZ Owner Queue,Australia & Oceania [4727],a0Ea000000GlKAOEA3,Australia & Oceania
Uzbekistan,2450,uzbekistan,a0Ea000000GlKANEA3,6/7/24 15:32,5947,998,218,Russia++,UZ,UZB,Russian,N,[128448] (STANSalesOrder.Queue@kaspersky.com) STAN Owner Queue,Stan [4785],a0Ea000000GlKANEA3,Stan
Uruguay,2440,uruguay,a0Ea000000GlKAMEA3,3/28/24 11:04,5946,598,217,Americas,UY,URY,Spanish (Mexico),N,[128446] (SOLASalesOrder.Queue@kaspersky.com) SOLA Owner Queue,SOLA [4779],a0Ea000000GlKAMEA3,SOLA
United States of America,2420,united-states-of-america,a0Ea000000GlKAKEA3,3/28/24 11:04,5944,1,215,Americas,US,USA,English (United States),N,[128434] (NASalesOrder.Queue@kaspersky.com) NA Owner Queue,USA [4791],a0Ea000000GlKAKEA3,USA
United Kingdom,2400,united-kingdom,a0Ea000000GlKAJEA3,3/28/24 11:04,5942,44,214,Europe,GB,GBR,English (United States),N,[128452] (UKSalesOrder.Queue@kaspersky.com) UK Owner Queue,UK & Ireland [4789],a0Ea000000GlKAJEA3,UK & Ireland
United Arab Emirates,2390,united-arab-emirates,a0Ea000000GlKAIEA3,3/28/24 11:04,5941,971,213,META,AE,ARE,English (United States),N,[128430] (MESalesOrder.Queue@kaspersky.com) ME Owner Queue,Middle East [4767],a0Ea000000GlKAIEA3,Middle East
Ukraine,2380,ukraine,a0Ea000000GlKAHEA3,3/28/24 11:04,5940,380,212,Europe,UA,UKR,English (United States),N,[128414] (EESalesOrder.Queue@kaspersky.com) EE Owner Queue,Eastern Europe [4743],a0Ea000000GlKAHEA3,Eastern Europe
Uganda,2370,uganda,a0Ea000000GlKAGEA3,3/28/24 11:04,5939,256,211,META,UG,UGA,English (United States),N,[128402] (AFSalesOrder.Queue@kaspersky.com) AF Owner Queue,Africa [4717],a0Ea000000GlKAGEA3,Africa
Tuvalu,2360,tuvalu,a0Ea000000GlKAFEA3,3/28/24 11:04,5938,688,210,APAC,TV,TUV,English (United States),N,[128404] (ANZSalesOrder.Queue@kaspersky.com) ANZ Owner Queue,Australia & Oceania [4727],a0Ea000000GlKAFEA3,Australia & Oceania
Turks and Caicos Islands,2350,turks-and-caicos-islands,a0Ea000000GlKAEEA3,3/28/24 11:04,5937,1,209,Americas,TC,TCA,Spanish (Mexico),N,[128436] (NOLASalesOrder.Queue@kaspersky.com) NOLA Owner Queue,NOLA [4769],a0Ea000000GlKAEEA3,NOLA
Turkmenistan,2340,turkmenistan,a0Ea000000GlKADEA3,6/7/24 15:32,5936,993,208,Russia++,TM,TKM,Russian,N,[128448] (STANSalesOrder.Queue@kaspersky.com) STAN Owner Queue,Stan [4785],a0Ea000000GlKADEA3,Stan
Turkey,2330,turkey,a0Ea000000GlKACEA3,3/28/24 11:04,5935,90,207,META,TR,TUR,English (United States),N,[128450] (TRSalesOrder.Queue@kaspersky.com) TR Owner Queue,Turkey [4787],a0Ea000000GlKACEA3,Turkey
Tunisia,2320,tunisia,a0Ea000000GlKABEA3,3/28/24 11:04,5934,216,206,Europe,TN,TUN,French,N,[128416] (FranceSalesOrder.Queue@kaspersky.com) France Owner Queue,France+ [4747],a0Ea000000GlKABEA3,NWC Africa
Trinidad and Tobago,2310,trinidad-and-tobago,a0Ea000000GlKAAEA3,3/28/24 11:04,5933,1,205,Americas,TT,TTO,Spanish (Mexico),N,[128436] (NOLASalesOrder.Queue@kaspersky.com) NOLA Owner Queue,NOLA [4769],a0Ea000000GlKAAEA3,NOLA
Tonga,2300,tonga,a0Ea000000GlKA9EAN,3/28/24 11:04,5932,676,204,APAC,TO,TON,English (United States),N,[128404] (ANZSalesOrder.Queue@kaspersky.com) ANZ Owner Queue,Australia & Oceania [4727],a0Ea000000GlKA9EAN,Australia & Oceania
Tokelau,2290,tokelau,a0Ea000000GlKA8EAN,3/28/24 11:04,5931,690,203,APAC,TK,TKL,English (United States),N,[128404] (ANZSalesOrder.Queue@kaspersky.com) ANZ Owner Queue,Australia & Oceania [4727],a0Ea000000GlKA8EAN,Australia & Oceania
Togo,2280,togo,a0Ea000000GlKA7EAN,3/28/24 11:04,5930,228,202,Europe,TG,TGO,French,N,[128416] (FranceSalesOrder.Queue@kaspersky.com) France Owner Queue,France+ [4747],a0Ea000000GlKA7EAN,NWC Africa
Timor-Leste,2270,timor-leste,a0Ea000000GlKAeEAN,3/28/24 11:04,5929,670,288,APAC,TL,TLS,English (United States),N,[128444] (SEASalesOrder.Queue@kaspersky.com) SEA Owner Queue,South East Asia [4783],a0Ea000000GlKAeEAN,South East Asia
Thailand,2260,thailand,a0Ea000000GlK9mEAF,3/28/24 11:04,5928,66,201,APAC,TH,THA,English (United States),N,[128444] (SEASalesOrder.Queue@kaspersky.com) SEA Owner Queue,South East Asia [4783],a0Ea000000GlK9mEAF,South East Asia
Tanzania,2250,tanzania,a0Ea000000GlK9lEAF,3/28/24 11:04,5927,255,200,META,TZ,TZA,English (United States),N,[128402] (AFSalesOrder.Queue@kaspersky.com) AF Owner Queue,Africa [4717],a0Ea000000GlK9lEAF,Africa
Tajikistan,2240,tajikistan,a0Ea000000GlK9kEAF,6/7/24 15:32,5926,992,199,Russia++,TJ,TJK,Russian,N,[128448] (STANSalesOrder.Queue@kaspersky.com) STAN Owner Queue,Stan [4785],a0Ea000000GlK9kEAF,Stan
Taiwan,2230,taiwan,a0Ea000000GlK9jEAF,3/28/24 11:04,5925,886,198,APAC,TW,TWN,Chinese (Simplified),N,[128418] (ChinaSalesOrder.Queue@kaspersky.com) China Owner Queue,Greater China [4751],a0Ea000000GlK9jEAF,Greater China
Syria,2220,syria,a0Ea000000GlKAZEA3,3/28/24 11:04,5924,963,246,META,SY,SYR,English (United States),N,[128430] (MESalesOrder.Queue@kaspersky.com) ME Owner Queue,Middle East [4767],a0Ea000000GlKAZEA3,Middle East
Switzerland,2210,switzerland,a0Ea000000GlK9iEAF,3/28/24 11:04,5923,41,197,Europe,CH,CHE,German,N,[128412] (DACHSalesOrder.Queue@kaspersky.com) DACH Owner Queue,DACH [4741],a0Ea000000GlK9iEAF,DACH
Sweden,2200,sweden,a0Ea000000GlK9hEAF,3/28/24 11:04,5922,46,196,Europe,SE,SWE,English (United States),N,[128408] (BeneluxSalesOrder.Queue@kaspersky.com) Benelux Owner Queue,Nordics [4771],a0Ea000000GlK9hEAF,Nordics
Svalbard and Jan Mayen,2190,svalbard-and-jan-mayen,a0Ea000000GlK9fEAF,3/28/24 11:04,5921,47,194,Europe,SJ,SJM,English (United States),N,[128408] (BeneluxSalesOrder.Queue@kaspersky.com) Benelux Owner Queue,Nordics [4771],a0Ea000000GlK9fEAF,Nordics
Suriname,2180,suriname,a0Ea000000GlK9eEAF,3/28/24 11:04,5920,597,193,Americas,SR,SUR,Spanish (Mexico),N,[128436] (NOLASalesOrder.Queue@kaspersky.com) NOLA Owner Queue,NOLA [4769],a0Ea000000GlK9eEAF,NOLA
Sudan,2170,sudan,a0Ea000000GlKAYEA3,3/28/24 11:04,5919,249,244,META,SD,SDN,English (United States),Y,[128430] (MESalesOrder.Queue@kaspersky.com) ME Owner Queue,Middle East [4767],a0Ea000000GlKAYEA3,Middle East
Sri Lanka,2160,sri-lanka,a0Ea000000GlK9dEAF,3/28/24 11:04,5918,94,192,APAC,LK,LKA,English (United States),N,[128442] (SASalesOrder.Queue@kaspersky.com) SA Owner Queue,South Asia [4781],a0Ea000000GlK9dEAF,South Asia
Spain,2150,spain,a0Ea000000GlK9cEAF,3/28/24 11:04,5917,34,191,Europe,ES,ESP,Spanish,N,[128420] (IberiaSalesOrder.Queue@kaspersky.com) Iberia Owner Queue,Iberia [4753],a0Ea000000GlK9cEAF,Iberia
South Sudan,2140,south-sudan,a0Ea000000GlKAcEAN,3/28/24 11:04,5916,211,268,META,SS,SSD,English (United States),Y,[128430] (MESalesOrder.Queue@kaspersky.com) ME Owner Queue,Middle East [4767],a0Ea000000GlKAcEAN,Middle East
South Ossetia,2130,south-ossetia,a0Ea000000GlKAbEAN,6/7/24 15:32,5915,995,264,Russia++,OS,SOS,Russian,Y,[128440] (Russia&CaucasusSalesorder.Queue@kaspersky.com) Russia&Caucasus Owner Queue,Caucasus [4739],a0Ea000000GlKAbEAN,Caucasus
South Georgia and Sandwich Islands,2120,south-georgia-and-sandwich-islands,a0Ea000000GlK9bEAF,3/28/24 11:04,5914,500,190,Americas,GS,SGS,Spanish (Mexico),Y,[128436] (NOLASalesOrder.Queue@kaspersky.com) NOLA Owner Queue,NOLA [4769],a0Ea000000GlK9bEAF,NOLA
South Africa,2110,south-africa,a0Ea000000GlK9aEAF,3/28/24 11:04,5913,27,189,META,ZA,ZAF,English (United States),N,[128402] (AFSalesOrder.Queue@kaspersky.com) AF Owner Queue,Africa [4717],a0Ea000000GlK9aEAF,Africa
Somalia,2100,somalia,a0Ea000000GlK9ZEAV,3/28/24 11:04,5912,252,188,META,SO,SOM,English (United States),N,[128430] (MESalesOrder.Queue@kaspersky.com) ME Owner Queue,Middle East [4767],a0Ea000000GlK9ZEAV,Middle East
Solomon Islands,2090,solomon-islands,a0Ea000000GlK9YEAV,3/28/24 11:04,5911,677,187,APAC,SB,SLB,English (United States),N,[128404] (ANZSalesOrder.Queue@kaspersky.com) ANZ Owner Queue,Australia & Oceania [4727],a0Ea000000GlK9YEAV,Australia & Oceania
Slovenia,2080,slovenia,a0Ea000000GlK9XEAV,3/28/24 11:04,5910,386,186,Europe,SI,SVN,English (United States),N,[128414] (EESalesOrder.Queue@kaspersky.com) EE Owner Queue,Eastern Europe [4743],a0Ea000000GlK9XEAV,Eastern Europe
Slovakia,2070,slovakia,a0Ea000000GlK9WEAV,3/28/24 11:04,5909,421,185,Europe,SK,SVK,English (United States),N,[128414] (EESalesOrder.Queue@kaspersky.com) EE Owner Queue,Eastern Europe [4743],a0Ea000000GlK9WEAV,Eastern Europe
Sint Maarten (Dutch part),2060,sint-maarten-dutch-part,a0Ea000000GlKAdEAN,3/28/24 11:04,5908,1,286,Europe,SX,SXM,English (United States),N,[128408] (BeneluxSalesOrder.Queue@kaspersky.com) Benelux Owner Queue,Benelux [4733],a0Ea000000GlKAdEAN,Benelux
Singapore,2050,singapore,a0Ea000000GlK9VEAV,3/28/24 11:04,5907,65,184,APAC,SG,SGP,English (United States),N,[128444] (SEASalesOrder.Queue@kaspersky.com) SEA Owner Queue,South East Asia [4783],a0Ea000000GlK9VEAV,South East Asia
Sierra Leone,2040,sierra-leone,a0Ea000000GlK9UEAV,3/28/24 11:04,5906,232,183,Europe,SL,SLE,French,N,[128416] (FranceSalesOrder.Queue@kaspersky.com) France Owner Queue,France+ [4747],a0Ea000000GlK9UEAV,NWC Africa
Seychelles,2030,seychelles,a0Ea000000GlK9TEAV,3/28/24 11:04,5905,248,182,META,SC,SYC,English (United States),N,[128402] (AFSalesOrder.Queue@kaspersky.com) AF Owner Queue,Africa [4717],a0Ea000000GlK9TEAV,Africa
Serbia,2020,serbia,a0Ea000000GlKAaEAN,3/28/24 11:04,5904,381,250,Europe,RS,SRB,English (United States),N,[128414] (EESalesOrder.Queue@kaspersky.com) EE Owner Queue,Eastern Europe [4743],a0Ea000000GlKAaEAN,Eastern Europe
Senegal,2010,senegal,a0Ea000000GlK9SEAV,3/28/24 11:04,5903,221,181,Europe,SN,SEN,French,N,[128416] (FranceSalesOrder.Queue@kaspersky.com) France Owner Queue,France+ [4747],a0Ea000000GlK9SEAV,NWC Africa
Saudi Arabia,2000,saudi-arabia,a0Ea000000GlK9REAV,3/28/24 15:14,5902,966,180,META,SA,SAU,English (United States),N,[129712] (KSASalesOrder.Queue@kaspersky.com) KSA Owner Queue,Kingdom of Saudi Arabia [13488],a0Ea000000GlK9REAV,Saudi Arabia
Sao Tome and Principe,1990,sao-tome-and-principe,a0Ea000000GlK9QEAV,3/28/24 11:04,5901,239,179,Europe,ST,STP,French,N,[128416] (FranceSalesOrder.Queue@kaspersky.com) France Owner Queue,France+ [4747],a0Ea000000GlK9QEAV,NWC Africa
San Marino,1980,san-marino,a0Ea000000GlK9PEAV,3/28/24 11:04,5900,378,178,Europe,SM,SMR,Italian,N,[128424] (ItalySalesOrder.Queue@kaspersky.com) Italy Owner Queue,Italy [4757],a0Ea000000GlK9PEAV,Italy
Samoa,1970,samoa,a0Ea000000GlK9OEAV,3/28/24 11:04,5899,685,177,APAC,WS,WSM,English (United States),N,[128404] (ANZSalesOrder.Queue@kaspersky.com) ANZ Owner Queue,Australia & Oceania [4727],a0Ea000000GlK9OEAV,Australia & Oceania
Saint Vincent and The Grenadines,1960,saint-vincent-and-the-grenadines,a0Ea000000GlK9NEAV,3/28/24 11:04,5898,1,176,Americas,VC,VCT,Spanish (Mexico),N,[128436] (NOLASalesOrder.Queue@kaspersky.com) NOLA Owner Queue,NOLA [4769],a0Ea000000GlK9NEAV,NOLA
Saint Pierre and Miquelon,1950,saint-pierre-and-miquelon,a0Ea000000GlK9MEAV,3/28/24 11:04,5897,508,175,Europe,PM,SPM,French,N,[128416] (FranceSalesOrder.Queue@kaspersky.com) France Owner Queue,France+ [4747],a0Ea000000GlK9MEAV,France
Saint Martin (French part),1940,saint-martin-french-part,a0Ea000000GlKA6EAN,3/28/24 11:04,5896,590,284,Europe,MF,MAF,French,N,[128416] (FranceSalesOrder.Queue@kaspersky.com) France Owner Queue,France+ [4747],a0Ea000000GlKA6EAN,France
Saint Lucia,1930,saint-lucia,a0Ea000000GlK9LEAV,3/28/24 11:04,5895,1,174,Americas,LC,LCA,Spanish (Mexico),N,[128436] (NOLASalesOrder.Queue@kaspersky.com) NOLA Owner Queue,NOLA [4769],a0Ea000000GlK9LEAV,NOLA
Saint Kitts and Nevis,1920,saint-kitts-and-nevis,a0Ea000000GlK9KEAV,3/28/24 11:04,5894,1,173,Americas,KN,KNA,Spanish (Mexico),N,[128436] (NOLASalesOrder.Queue@kaspersky.com) NOLA Owner Queue,NOLA [4769],a0Ea000000GlK9KEAV,NOLA
Saint Helena,1910,saint-helena,a0Ea000000GlK9JEAV,3/28/24 11:04,5893,290,172,Europe,SH,SHN,French,N,[128416] (FranceSalesOrder.Queue@kaspersky.com) France Owner Queue,France+ [4747],a0Ea000000GlK9JEAV,France
Saint Barthelemy,1900,saint-barthelemy,a0Ea000000GlKA5EAN,3/28/24 11:04,5892,590,282,Europe,BL,BLM,French,N,[128416] (FranceSalesOrder.Queue@kaspersky.com) France Owner Queue,France+ [4747],a0Ea000000GlKA5EAN,France
Rwanda,1890,rwanda,a0Ea000000GlK9IEAV,3/28/24 11:04,5891,250,171,META,RW,RWA,English (United States),N,[128402] (AFSalesOrder.Queue@kaspersky.com) AF Owner Queue,Africa [4717],a0Ea000000GlK9IEAV,Africa
Russian Federation,1880,russian-federation,a0Ea000000GlK9HEAV,6/7/24 15:32,5890,7,170,Russia++,RU,RUS,Russian,N,[128440] (Russia&CaucasusSalesorder.Queue@kaspersky.com) Russia&Caucasus Owner Queue,Russia [4777],a0Ea000000GlK9HEAV,Russia
Romania,1870,romania,a0Ea000000GlK9GEAV,3/28/24 11:04,5889,40,169,Europe,RO,ROU,English (United States),N,[128414] (EESalesOrder.Queue@kaspersky.com) EE Owner Queue,Eastern Europe [4743],a0Ea000000GlK9GEAV,Eastern Europe
Reunion,1860,reunion,a0Ea000000GlK9FEAV,3/28/24 11:04,5888,262,168,Europe,RE,REU,French,N,[128416] (FranceSalesOrder.Queue@kaspersky.com) France Owner Queue,France+ [4747],a0Ea000000GlK9FEAV,France
Qatar,1850,qatar,a0Ea000000GlK9EEAV,3/28/24 11:04,5887,974,167,META,QA,QAT,English (United States),N,[128430] (MESalesOrder.Queue@kaspersky.com) ME Owner Queue,Middle East [4767],a0Ea000000GlK9EEAV,Middle East
Puerto Rico,1840,puerto-rico,a0Ea000000GlK9DEAV,3/28/24 11:04,5886,1,166,Americas,PR,PRI,Spanish (Mexico),N,[128436] (NOLASalesOrder.Queue@kaspersky.com) NOLA Owner Queue,NOLA [4769],a0Ea000000GlK9DEAV,NOLA
Portugal,1830,portugal,a0Ea000000GlK9CEAV,3/28/24 11:04,5885,351,165,Europe,PT,PRT,English (United States),N,[128420] (IberiaSalesOrder.Queue@kaspersky.com) Iberia Owner Queue,Iberia [4753],a0Ea000000GlK9CEAV,Iberia
Poland,1820,poland,a0Ea000000GlK9BEAV,3/28/24 11:04,5884,48,164,Europe,PL,POL,English (United States),Y,[128438] (PolandSalesOrder.Queue@kaspersky.com) Poland Owner Queue,Poland [4775],a0Ea000000GlK9BEAV,Poland
Pitcairn,1810,pitcairn,a0Ea000000GlK9AEAV,3/28/24 11:04,5883,64,163,APAC,PN,PCN,English (United States),N,[128404] (ANZSalesOrder.Queue@kaspersky.com) ANZ Owner Queue,Australia & Oceania [4727],a0Ea000000GlK9AEAV,Australia & Oceania
Philippines,1800,philippines,a0Ea000000GlK99EAF,3/28/24 11:04,5882,63,162,APAC,PH,PHL,English (United States),N,[128444] (SEASalesOrder.Queue@kaspersky.com) SEA Owner Queue,South East Asia [4783],a0Ea000000GlK99EAF,South East Asia
Peru,1790,peru,a0Ea000000GlK98EAF,3/28/24 11:04,5881,51,161,Americas,PE,PER,Spanish (Mexico),N,[128446] (SOLASalesOrder.Queue@kaspersky.com) SOLA Owner Queue,SOLA [4779],a0Ea000000GlK98EAF,SOLA
Paraguay,1780,paraguay,a0Ea000000GlK97EAF,3/28/24 11:04,5880,595,160,Americas,PY,PRY,Spanish (Mexico),N,[128446] (SOLASalesOrder.Queue@kaspersky.com) SOLA Owner Queue,SOLA [4779],a0Ea000000GlK97EAF,SOLA
Papua New Guinea,1770,papua-new-guinea,a0Ea000000GlK96EAF,3/28/24 11:04,5879,675,159,APAC,PG,PNG,English (United States),N,[128404] (ANZSalesOrder.Queue@kaspersky.com) ANZ Owner Queue,Australia & Oceania [4727],a0Ea000000GlK96EAF,Australia & Oceania
Panama,1760,panama,a0Ea000000GlK95EAF,3/28/24 11:04,5878,507,158,Americas,PA,PAN,Spanish (Mexico),N,[128436] (NOLASalesOrder.Queue@kaspersky.com) NOLA Owner Queue,NOLA [4769],a0Ea000000GlK95EAF,NOLA
Palestinian Authority,1750,palestinian-authority,a0Ea000000GlKA0EAN,3/28/24 11:04,5877,970,256,META,PS,PSE,English (United States),N,[128430] (MESalesOrder.Queue@kaspersky.com) ME Owner Queue,Middle East [4767],a0Ea000000GlKA0EAN,Middle East
Palau,1740,palau,a0Ea000000GlK94EAF,3/28/24 11:04,5876,680,157,APAC,PW,PLW,English (United States),N,[128444] (SEASalesOrder.Queue@kaspersky.com) SEA Owner Queue,South East Asia [4783],a0Ea000000GlK94EAF,South East Asia
Pakistan,1730,pakistan,a0Ea000000GlK93EAF,3/28/24 11:04,5875,92,156,META,PK,PAK,English (United States),N,[128430] (MESalesOrder.Queue@kaspersky.com) ME Owner Queue,Middle East [4767],a0Ea000000GlK93EAF,Middle East
Oman,1720,oman,a0Ea000000GlK92EAF,3/28/24 11:04,5874,968,155,META,OM,OMN,English (United States),N,[128430] (MESalesOrder.Queue@kaspersky.com) ME Owner Queue,Middle East [4767],a0Ea000000GlK92EAF,Middle East
Norway,1710,norway,a0Ea000000GlK91EAF,3/28/24 11:04,5873,47,154,Europe,NO,NOR,English (United States),N,[128408] (BeneluxSalesOrder.Queue@kaspersky.com) Benelux Owner Queue,Nordics [4771],a0Ea000000GlK91EAF,Nordics
Northern Mariana Islands,1700,northern-mariana-islands,a0Ea000000GlK90EAF,3/28/24 11:04,5872,1,153,APAC,MP,MNP,English (United States),N,[128404] (ANZSalesOrder.Queue@kaspersky.com) ANZ Owner Queue,Australia & Oceania [4727],a0Ea000000GlK90EAF,Australia & Oceania
North Macedonia,1690,north-macedonia,a0Ea000000GlK8TEAV,3/28/24 11:04,5871,389,120,Europe,MK,MKD,English (United States),N,[128414] (EESalesOrder.Queue@kaspersky.com) EE Owner Queue,Eastern Europe [4743],a0Ea000000GlK8TEAV,Eastern Europe
Norfolk Island,1680,norfolk-island,a0Ea000000GlK8zEAF,3/28/24 11:04,5870,672,152,APAC,NF,NFK,English (United States),N,[128404] (ANZSalesOrder.Queue@kaspersky.com) ANZ Owner Queue,Australia & Oceania [4727],a0Ea000000GlK8zEAF,Australia & Oceania
Niue,1670,niue,a0Ea000000GlK8yEAF,3/28/24 11:04,5869,683,151,APAC,NU,NIU,English (United States),N,[128404] (ANZSalesOrder.Queue@kaspersky.com) ANZ Owner Queue,Australia & Oceania [4727],a0Ea000000GlK8yEAF,Australia & Oceania
Nigeria,1660,nigeria,a0Ea000000GlK8xEAF,3/28/24 11:04,5868,234,150,META,NG,NGA,English (United States),N,[128402] (AFSalesOrder.Queue@kaspersky.com) AF Owner Queue,Africa [4717],a0Ea000000GlK8xEAF,Africa
Niger,1650,niger,a0Ea000000GlK8wEAF,3/28/24 11:04,5867,227,149,Europe,NE,NER,French,N,[128416] (FranceSalesOrder.Queue@kaspersky.com) France Owner Queue,France+ [4747],a0Ea000000GlK8wEAF,NWC Africa
Nicaragua,1640,nicaragua,a0Ea000000GlK8vEAF,3/28/24 11:04,5866,505,148,Americas,NI,NIC,Spanish (Mexico),N,[128436] (NOLASalesOrder.Queue@kaspersky.com) NOLA Owner Queue,NOLA [4769],a0Ea000000GlK8vEAF,NOLA
New Zealand,1630,new-zealand,a0Ea000000GlK8uEAF,3/28/24 11:04,5865,64,147,APAC,NZ,NZL,English (United States),N,[128404] (ANZSalesOrder.Queue@kaspersky.com) ANZ Owner Queue,Australia & Oceania [4727],a0Ea000000GlK8uEAF,Australia & Oceania
New Caledonia,1620,new-caledonia,a0Ea000000GlK8tEAF,3/28/24 11:04,5864,687,146,Europe,NC,NCL,French,N,[128416] (FranceSalesOrder.Queue@kaspersky.com) France Owner Queue,France+ [4747],a0Ea000000GlK8tEAF,France
Netherlands Antilles,1610,netherlands-antilles,a0Ea000000GlK8sEAF,3/28/24 11:04,5863,599,145,Europe,AN,ANT,English (United States),N,[128408] (BeneluxSalesOrder.Queue@kaspersky.com) Benelux Owner Queue,Benelux [4733],a0Ea000000GlK8sEAF,Benelux
Netherlands,1600,netherlands,a0Ea000000GlK8rEAF,3/28/24 11:04,5862,31,144,Europe,NL,NLD,English (United States),N,[128408] (BeneluxSalesOrder.Queue@kaspersky.com) Benelux Owner Queue,Benelux [4733],a0Ea000000GlK8rEAF,Benelux
Nepal,1590,nepal,a0Ea000000GlK8qEAF,3/28/24 11:04,5861,977,143,APAC,NP,NPL,English (United States),N,[128442] (SASalesOrder.Queue@kaspersky.com) SA Owner Queue,South Asia [4781],a0Ea000000GlK8qEAF,South Asia
Nauru,1580,nauru,a0Ea000000GlK8pEAF,3/28/24 11:04,5860,674,142,APAC,NR,NRU,English (United States),N,[128404] (ANZSalesOrder.Queue@kaspersky.com) ANZ Owner Queue,Australia & Oceania [4727],a0Ea000000GlK8pEAF,Australia & Oceania
Namibia,1570,namibia,a0Ea000000GlK8oEAF,3/28/24 11:04,5859,264,141,META,NA,NAM,English (United States),N,[128402] (AFSalesOrder.Queue@kaspersky.com) AF Owner Queue,Africa [4717],a0Ea000000GlK8oEAF,Africa
Myanmar,1560,myanmar,a0Ea000000GlK8nEAF,3/28/24 11:04,5858,95,140,APAC,MM,MMR,English (United States),N,[128444] (SEASalesOrder.Queue@kaspersky.com) SEA Owner Queue,South East Asia [4783],a0Ea000000GlK8nEAF,South East Asia
Mozambique,1550,mozambique,a0Ea000000GlK8mEAF,3/28/24 11:04,5857,258,139,META,MZ,MOZ,English (United States),N,[128402] (AFSalesOrder.Queue@kaspersky.com) AF Owner Queue,Africa [4717],a0Ea000000GlK8mEAF,Africa
Morocco,1540,morocco,a0Ea000000GlK8lEAF,3/28/24 11:04,5856,212,138,Europe,MA,MAR,French,N,[128416] (FranceSalesOrder.Queue@kaspersky.com) France Owner Queue,France+ [4747],a0Ea000000GlK8lEAF,NWC Africa
Montserrat,1530,montserrat,a0Ea000000GlK8kEAF,3/28/24 11:04,5855,1,137,Americas,MS,MSR,Spanish (Mexico),N,[128436] (NOLASalesOrder.Queue@kaspersky.com) NOLA Owner Queue,NOLA [4769],a0Ea000000GlK8kEAF,NOLA
Montenegro,1520,montenegro,a0Ea000000GlK9zEAF,3/28/24 11:04,5854,382,252,Europe,ME,MNE,English (United States),N,[128414] (EESalesOrder.Queue@kaspersky.com) EE Owner Queue,Eastern Europe [4743],a0Ea000000GlK9zEAF,Eastern Europe
Mongolia,1510,mongolia,a0Ea000000GlK8jEAF,6/7/24 15:32,5853,976,136,Russia++,MN,MNG,Russian,N,[128448] (STANSalesOrder.Queue@kaspersky.com) STAN Owner Queue,Stan [4785],a0Ea000000GlK8jEAF,Stan
Monaco,1500,monaco,a0Ea000000GlK8iEAF,3/28/24 11:04,5852,377,135,Europe,MC,MCO,French,N,[128416] (FranceSalesOrder.Queue@kaspersky.com) France Owner Queue,France+ [4747],a0Ea000000GlK8iEAF,France
Moldova,1490,moldova,a0Ea000000GlK8hEAF,3/28/24 11:04,5851,373,134,Europe,MD,MDA,English (United States),N,[128414] (EESalesOrder.Queue@kaspersky.com) EE Owner Queue,Eastern Europe [4743],a0Ea000000GlK8hEAF,Eastern Europe
Micronesia,1480,micronesia,a0Ea000000GlK8gEAF,3/28/24 11:04,5850,691,133,APAC,FM,FSM,English (United States),N,[128404] (ANZSalesOrder.Queue@kaspersky.com) ANZ Owner Queue,Australia & Oceania [4727],a0Ea000000GlK8gEAF,Australia & Oceania
Mexico,1470,mexico,a0Ea000000GlK8fEAF,3/28/24 11:04,5849,52,132,Americas,MX,MEX,Spanish (Mexico),N,[128432] (MexicoSalesOrder.Queue@kaspersky.com) Mexico Owner Queue,Mexico [4765],a0Ea000000GlK8fEAF,Mexico
Mayotte,1460,mayotte,a0Ea000000GlK8eEAF,3/28/24 11:04,5848,262,131,Europe,YT,MYT,French,N,[128416] (FranceSalesOrder.Queue@kaspersky.com) France Owner Queue,France+ [4747],a0Ea000000GlK8eEAF,France
Mauritius,1450,mauritius,a0Ea000000GlK8dEAF,3/28/24 11:04,5847,230,130,META,MU,MUS,English (United States),N,[128402] (AFSalesOrder.Queue@kaspersky.com) AF Owner Queue,Africa [4717],a0Ea000000GlK8dEAF,Africa
Mauritania,1440,mauritania,a0Ea000000GlK8cEAF,3/28/24 11:04,5846,222,129,Europe,MR,MRT,French,N,[128416] (FranceSalesOrder.Queue@kaspersky.com) France Owner Queue,France+ [4747],a0Ea000000GlK8cEAF,NWC Africa
Martinique,1430,martinique,a0Ea000000GlK8bEAF,3/28/24 11:04,5845,596,128,Europe,MQ,MTQ,French,N,[128416] (FranceSalesOrder.Queue@kaspersky.com) France Owner Queue,France+ [4747],a0Ea000000GlK8bEAF,France
Marshall Islands,1420,marshall-islands,a0Ea000000GlK8aEAF,3/28/24 11:04,5844,692,127,APAC,MH,MHL,English (United States),N,[128404] (ANZSalesOrder.Queue@kaspersky.com) ANZ Owner Queue,Australia & Oceania [4727],a0Ea000000GlK8aEAF,Australia & Oceania
Malta,1410,malta,a0Ea000000GlK8ZEAV,3/28/24 11:04,5843,356,126,Europe,MT,MLT,Italian,N,[128424] (ItalySalesOrder.Queue@kaspersky.com) Italy Owner Queue,Italy [4757],a0Ea000000GlK8ZEAV,Italy
Mali,1400,mali,a0Ea000000GlK8YEAV,3/28/24 11:04,5842,223,125,Europe,ML,MLI,French,N,[128416] (FranceSalesOrder.Queue@kaspersky.com) France Owner Queue,France+ [4747],a0Ea000000GlK8YEAV,NWC Africa
Maldives,1390,maldives,a0Ea000000GlK8XEAV,3/28/24 11:04,5841,960,124,APAC,MV,MDV,English (United States),N,[128442] (SASalesOrder.Queue@kaspersky.com) SA Owner Queue,South Asia [4781],a0Ea000000GlK8XEAV,South Asia
Malaysia,1380,malaysia,a0Ea000000GlK8WEAV,3/28/24 11:04,5840,60,123,APAC,MY,MYS,English (United States),N,[128444] (SEASalesOrder.Queue@kaspersky.com) SEA Owner Queue,South East Asia [4783],a0Ea000000GlK8WEAV,South East Asia
Malawi,1370,malawi,a0Ea000000GlK8VEAV,3/28/24 11:04,5839,265,122,META,MW,MWI,English (United States),N,[128056] (Africa.LAR.queue@kaspersky.com) Africa. LAR queue,Africa [4717],a0Ea000000GlK8VEAV,Africa
Madagascar,1360,madagascar,a0Ea000000GlK8UEAV,3/28/24 11:04,5838,261,121,META,MG,MDG,English (United States),N,[128056] (Africa.LAR.queue@kaspersky.com) Africa. LAR queue,Africa [4717],a0Ea000000GlK8UEAV,Africa
Macau,1350,macau,a0Ea000000GlK8SEAV,3/28/24 11:04,5837,853,119,APAC,MO,MAC,Chinese (Simplified),N,[128418] (ChinaSalesOrder.Queue@kaspersky.com) China Owner Queue,Greater China [4751],a0Ea000000GlK8SEAV,Greater China
Luxembourg,1340,luxembourg,a0Ea000000GlK8REAV,3/28/24 11:04,5836,352,118,Europe,LU,LUX,English (United States),N,[128408] (BeneluxSalesOrder.Queue@kaspersky.com) Benelux Owner Queue,Benelux [4733],a0Ea000000GlK8REAV,Benelux
Lithuania,1330,lithuania,a0Ea000000GlK8QEAV,3/28/24 11:04,5835,370,117,Europe,LT,LTU,English (United States),N,[128414] (EESalesOrder.Queue@kaspersky.com) EE Owner Queue,Eastern Europe [4743],a0Ea000000GlK8QEAV,Eastern Europe
Liechtenstein,1320,liechtenstein,a0Ea000000GlK8PEAV,3/28/24 11:04,5834,423,116,Europe,LI,LIE,German,N,[128412] (DACHSalesOrder.Queue@kaspersky.com) DACH Owner Queue,DACH [4741],a0Ea000000GlK8PEAV,DACH
Libya,1310,libya,a0Ea000000GlK9yEAF,3/28/24 11:04,5833,218,242,META,LY,LBY,English (United States),Y,[128430] (MESalesOrder.Queue@kaspersky.com) ME Owner Queue,Middle East [4767],a0Ea000000GlK9yEAF,Middle East
Liberia,1300,liberia,a0Ea000000GlK8OEAV,3/28/24 11:04,5832,231,115,Europe,LR,LBR,French,N,[128416] (FranceSalesOrder.Queue@kaspersky.com) France Owner Queue,France+ [4747],a0Ea000000GlK8OEAV,NWC Africa
Lesotho,1290,lesotho,a0Ea000000GlK8NEAV,3/28/24 11:04,5831,266,114,META,LS,LSO,English (United States),N,[128056] (Africa.LAR.queue@kaspersky.com) Africa. LAR queue,Africa [4717],a0Ea000000GlK8NEAV,Africa
Lebanon,1280,lebanon,a0Ea000000GlK8MEAV,3/28/24 11:04,5830,961,113,META,LB,LBN,English (United States),N,[128430] (MESalesOrder.Queue@kaspersky.com) ME Owner Queue,Middle East [4767],a0Ea000000GlK8MEAV,Middle East
Latvia,1270,latvia,a0Ea000000GlK8LEAV,3/28/24 11:04,5829,371,112,Europe,LV,LVA,English (United States),N,[128414] (EESalesOrder.Queue@kaspersky.com) EE Owner Queue,Eastern Europe [4743],a0Ea000000GlK8LEAV,Eastern Europe
Lao Peoples Democratic Republic,1260,lao-peoples-democratic-republic,a0Ea000000GlK8KEAV,3/28/24 11:04,5828,856,111,APAC,LA,LAO,English (United States),N,[128444] (SEASalesOrder.Queue@kaspersky.com) SEA Owner Queue,South East Asia [4783],a0Ea000000GlK8KEAV,South East Asia
Kyrgyzstan,1250,kyrgyzstan,a0Ea000000GlK8JEAV,6/7/24 15:32,5827,996,110,Russia++,KG,KGZ,Russian,N,[128448] (STANSalesOrder.Queue@kaspersky.com) STAN Owner Queue,Stan [4785],a0Ea000000GlK8JEAV,Stan
Kuwait,1240,kuwait,a0Ea000000GlK8IEAV,3/28/24 11:04,5826,965,109,META,KW,KWT,English (United States),N,[128430] (MESalesOrder.Queue@kaspersky.com) ME Owner Queue,Middle East [4767],a0Ea000000GlK8IEAV,Middle East
Kosovo,1230,kosovo,a0Ea000000GlKA1EAN,3/28/24 11:04,5825,383,262,Europe,XK,XKX,English (United States),N,[128414] (EESalesOrder.Queue@kaspersky.com) EE Owner Queue,Eastern Europe [4743],a0Ea000000GlKA1EAN,Eastern Europe
Korea,1220,korea,a0Ea000000GlK8HEAV,3/28/24 11:04,5824,82,108,APAC,KR,KOR,English (United States),N,[128428] (KoreaSalesOrder.Queue@kaspersky.com) Korea Owner Queue,Korea [4761],a0Ea000000GlK8HEAV,Korea
Kiribati,1210,kiribati,a0Ea000000GlK8GEAV,3/28/24 11:04,5823,686,107,APAC,KI,KIR,English (United States),N,[128404] (ANZSalesOrder.Queue@kaspersky.com) ANZ Owner Queue,Australia & Oceania [4727],a0Ea000000GlK8GEAV,Australia & Oceania
Kenya,1200,kenya,a0Ea000000GlK8FEAV,3/28/24 11:04,5822,254,106,META,KE,KEN,English (United States),N,[128402] (AFSalesOrder.Queue@kaspersky.com) AF Owner Queue,Africa [4717],a0Ea000000GlK8FEAV,Africa
KDPR,1190,kdpr,a0Ea000000GlKA2EAN,3/28/24 11:04,5821,850,266,APAC,KP,PRK,English (United States),Y,[128428] (KoreaSalesOrder.Queue@kaspersky.com) Korea Owner Queue,Korea [4761],a0Ea000000GlKA2EAN,Korea
Kazakhstan,1180,kazakhstan,a0Ea000000GlK8EEAV,6/7/24 15:32,5820,7,105,Russia++,KZ,KAZ,Russian,N,[128448] (STANSalesOrder.Queue@kaspersky.com) STAN Owner Queue,Stan [4785],a0Ea000000GlK8EEAV,Stan
Jordan,1170,jordan,a0Ea000000GlK8DEAV,3/28/24 11:04,5819,962,104,META,JO,JOR,English (United States),N,[128430] (MESalesOrder.Queue@kaspersky.com) ME Owner Queue,Middle East [4767],a0Ea000000GlK8DEAV,Middle East
Jersey,1160,jersey,a0Ea000000GlKA4EAN,3/28/24 11:04,5818,44,280,Europe,JE,JEY,English (United States),N,[128452] (UKSalesOrder.Queue@kaspersky.com) UK Owner Queue,UK & Ireland [4789],a0Ea000000GlKA4EAN,UK & Ireland
Japan,1150,japan,a0Ea000000GlK8CEAV,3/28/24 11:04,5817,81,103,APAC,JP,JPN,Japanese,N,[128426] (JPSalesOrder.Queue@kaspersky.com) JP Owner Queue,Japan [4759],a0Ea000000GlK8CEAV,Japan
Jamaica,1140,jamaica,a0Ea000000GlK8BEAV,3/28/24 11:04,5816,1,102,Americas,JM,JAM,Spanish (Mexico),N,[128436] (NOLASalesOrder.Queue@kaspersky.com) NOLA Owner Queue,NOLA [4769],a0Ea000000GlK8BEAV,NOLA
Italy,1130,italy,a0Ea000000GlK8AEAV,3/28/24 11:04,5815,39,101,Europe,IT,ITA,Italian,N,[128424] (ItalySalesOrder.Queue@kaspersky.com) Italy Owner Queue,Italy [4757],a0Ea000000GlK8AEAV,Italy
Israel,1120,israel,a0Ea000000GlK89EAF,3/28/24 11:04,5814,972,100,Europe,IL,ISR,English (United States),N,[128422] (IsraelSalesOrder.Queue@kaspersky.com) Israel Owner Queue,Israel [4755],a0Ea000000GlK89EAF,Israel
Isle of Man,1110,isle-of-man,a0Ea000000GlKA3EAN,3/28/24 11:04,5813,44,278,Europe,IM,IMN,English (United States),N,[128452] (UKSalesOrder.Queue@kaspersky.com) UK Owner Queue,UK & Ireland [4789],a0Ea000000GlKA3EAN,UK & Ireland
Ireland,1100,ireland,a0Ea000000GlK88EAF,3/28/24 11:04,5812,353,99,Europe,IE,IRL,English (United States),N,[128452] (UKSalesOrder.Queue@kaspersky.com) UK Owner Queue,UK & Ireland [4789],a0Ea000000GlK88EAF,UK & Ireland
Iraq,1090,iraq,a0Ea000000GlK9xEAF,3/28/24 11:04,5811,964,240,META,IQ,IRQ,English (United States),N,[128430] (MESalesOrder.Queue@kaspersky.com) ME Owner Queue,Middle East [4767],a0Ea000000GlK9xEAF,Middle East
Iran,1080,iran,a0Ea000000GlK9wEAF,3/28/24 11:04,5810,98,234,META,IR,IRN,English (United States),Y,[128430] (MESalesOrder.Queue@kaspersky.com) ME Owner Queue,Middle East [4767],a0Ea000000GlK9wEAF,Middle East
Indonesia,1070,indonesia,a0Ea000000GlK87EAF,3/28/24 11:04,5809,62,98,APAC,ID,IDN,English (United States),N,[128444] (SEASalesOrder.Queue@kaspersky.com) SEA Owner Queue,South East Asia [4783],a0Ea000000GlK87EAF,South East Asia
India,1060,india,a0Ea000000GlK86EAF,3/28/24 11:04,5808,91,97,APAC,IN,IND,English (United States),N,[128442] (SASalesOrder.Queue@kaspersky.com) SA Owner Queue,South Asia [4781],a0Ea000000GlK86EAF,South Asia
Iceland,1050,iceland,a0Ea000000GlK85EAF,3/28/24 11:04,5807,354,96,Europe,IS,ISL,English (United States),N,[128408] (BeneluxSalesOrder.Queue@kaspersky.com) Benelux Owner Queue,Nordics [4771],a0Ea000000GlK85EAF,Nordics
Hungary,1040,hungary,a0Ea000000GlK84EAF,3/28/24 11:04,5806,36,95,Europe,HU,HUN,English (United States),N,[128414] (EESalesOrder.Queue@kaspersky.com) EE Owner Queue,Eastern Europe [4743],a0Ea000000GlK84EAF,Eastern Europe
Hong Kong,1030,hong-kong,a0Ea000000GlK83EAF,3/28/24 11:04,5805,852,94,APAC,HK,HKG,Chinese (Simplified),N,[128418] (ChinaSalesOrder.Queue@kaspersky.com) China Owner Queue,Greater China [4751],a0Ea000000GlK83EAF,Greater China
Honduras,1020,honduras,a0Ea000000GlK82EAF,3/28/24 11:04,5804,504,93,Americas,HN,HND,Spanish (Mexico),N,[128436] (NOLASalesOrder.Queue@kaspersky.com) NOLA Owner Queue,NOLA [4769],a0Ea000000GlK82EAF,NOLA
Heard Island And Mcdonald Islands,1010,heard-island-and-mcdonald-islands,a0Ea000000GlK81EAF,3/28/24 11:04,5803,6723,92,APAC,HM,HMD,English (United States),N,[128404] (ANZSalesOrder.Queue@kaspersky.com) ANZ Owner Queue,Australia & Oceania [4727],a0Ea000000GlK81EAF,Australia & Oceania
Haiti,1000,haiti,a0Ea000000GlK80EAF,3/28/24 11:04,5802,509,91,Americas,HT,HTI,Spanish (Mexico),N,[128436] (NOLASalesOrder.Queue@kaspersky.com) NOLA Owner Queue,NOLA [4769],a0Ea000000GlK80EAF,NOLA
Guyana,990,guyana,a0Ea000000GlK7zEAF,3/28/24 11:04,5801,592,90,Americas,GY,GUY,Spanish (Mexico),N,[128436] (NOLASalesOrder.Queue@kaspersky.com) NOLA Owner Queue,NOLA [4769],a0Ea000000GlK7zEAF,NOLA
Guinea-Bissau,980,guinea-bissau,a0Ea000000GlK7yEAF,3/28/24 11:04,5800,245,89,Europe,GW,GNB,French,N,[128416] (FranceSalesOrder.Queue@kaspersky.com) France Owner Queue,France+ [4747],a0Ea000000GlK7yEAF,NWC Africa
Guinea,970,guinea,a0Ea000000GlK7xEAF,3/28/24 11:04,5799,224,88,Europe,GN,GIN,French,N,[128416] (FranceSalesOrder.Queue@kaspersky.com) France Owner Queue,France+ [4747],a0Ea000000GlK7xEAF,NWC Africa
Guernsey,960,guernsey,a0Ea000000GlK9vEAF,3/28/24 11:04,5798,44,276,Europe,GG,GGY,English (United States),N,[128452] (UKSalesOrder.Queue@kaspersky.com) UK Owner Queue,UK & Ireland [4789],a0Ea000000GlK9vEAF,UK & Ireland
Guatemala,950,guatemala,a0Ea000000GlK7wEAF,3/28/24 11:04,5797,502,87,Americas,GT,GTM,Spanish (Mexico),N,[128436] (NOLASalesOrder.Queue@kaspersky.com) NOLA Owner Queue,NOLA [4769],a0Ea000000GlK7wEAF,NOLA
Guam,940,guam,a0Ea000000GlK7vEAF,3/28/24 11:04,5796,1,86,Americas,GU,GUM,English (United States),N,[128434] (NASalesOrder.Queue@kaspersky.com) NA Owner Queue,USA [4791],a0Ea000000GlK7vEAF,USA
Guadeloupe,930,guadeloupe,a0Ea000000GlK7uEAF,3/28/24 11:04,5795,590,85,Europe,GP,GLP,French,N,[128416] (FranceSalesOrder.Queue@kaspersky.com) France Owner Queue,France+ [4747],a0Ea000000GlK7uEAF,France
Grenada,920,grenada,a0Ea000000GlK7tEAF,3/28/24 11:04,5794,1,84,Americas,GD,GRD,Spanish (Mexico),N,[128436] (NOLASalesOrder.Queue@kaspersky.com) NOLA Owner Queue,NOLA [4769],a0Ea000000GlK7tEAF,NOLA
Greenland,910,greenland,a0Ea000000GlK7sEAF,3/28/24 11:04,5793,299,83,Europe,GL,GRL,English (United States),N,[128408] (BeneluxSalesOrder.Queue@kaspersky.com) Benelux Owner Queue,Nordics [4771],a0Ea000000GlK7sEAF,Nordics
Greece,900,greece,a0Ea000000GlK7rEAF,3/28/24 11:04,5792,30,82,Europe,GR,GRC,English (United States),N,[128414] (EESalesOrder.Queue@kaspersky.com) EE Owner Queue,Eastern Europe [4743],a0Ea000000GlK7rEAF,Eastern Europe
Gibraltar,890,gibraltar,a0Ea000000GlK7qEAF,3/28/24 11:04,5791,350,81,Europe,GI,GIB,English (United States),N,[128420] (IberiaSalesOrder.Queue@kaspersky.com) Iberia Owner Queue,Iberia [4753],a0Ea000000GlK7qEAF,Iberia
Ghana,880,ghana,a0Ea000000GlK7pEAF,3/28/24 11:04,5790,233,80,META,GH,GHA,English (United States),N,[128402] (AFSalesOrder.Queue@kaspersky.com) AF Owner Queue,Africa [4717],a0Ea000000GlK7pEAF,Africa
Germany,870,germany,a0Ea000000GlK7oEAF,3/28/24 11:04,5789,49,79,Europe,DE,DEU,German,N,[128412] (DACHSalesOrder.Queue@kaspersky.com) DACH Owner Queue,DACH [4741],a0Ea000000GlK7oEAF,DACH
Georgia,860,georgia,a0Ea000000GlK7nEAF,6/7/24 15:32,5788,995,78,Russia++,GE,GEO,Russian,N,[128440] (Russia&CaucasusSalesorder.Queue@kaspersky.com) Russia&Caucasus Owner Queue,Caucasus [4739],a0Ea000000GlK7nEAF,Caucasus
Gambia,850,gambia,a0Ea000000GlK7mEAF,3/28/24 11:04,5787,220,77,Europe,GM,GMB,French,N,[128416] (FranceSalesOrder.Queue@kaspersky.com) France Owner Queue,France+ [4747],a0Ea000000GlK7mEAF,NWC Africa
Gabon,840,gabon,a0Ea000000GlK7lEAF,3/28/24 11:04,5786,241,76,Europe,GA,GAB,French,N,[128416] (FranceSalesOrder.Queue@kaspersky.com) France Owner Queue,France+ [4747],a0Ea000000GlK7lEAF,NWC Africa
French Southern Territories,830,french-southern-territories,a0Ea000000GlK7kEAF,3/28/24 11:04,5785,262,75,Europe,TF,ATF,French,N,[128416] (FranceSalesOrder.Queue@kaspersky.com) France Owner Queue,France+ [4747],a0Ea000000GlK7kEAF,France
French Polynesia,820,french-polynesia,a0Ea000000GlK7jEAF,3/28/24 11:04,5784,689,74,Europe,PF,PYF,French,N,[128416] (FranceSalesOrder.Queue@kaspersky.com) France Owner Queue,France+ [4747],a0Ea000000GlK7jEAF,France
French Guiana,810,french-guiana,a0Ea000000GlK7iEAF,3/28/24 11:04,5783,594,73,Europe,GF,GUF,French,N,[128416] (FranceSalesOrder.Queue@kaspersky.com) France Owner Queue,France+ [4747],a0Ea000000GlK7iEAF,France
"France, Metropolitan",800,france-metropolitan,a0Ea000000GlK7hEAF,3/28/24 11:04,5782,596,72,Europe,FX,FXX,French,Y,[128416] (FranceSalesOrder.Queue@kaspersky.com) France Owner Queue,France+ [4747],a0Ea000000GlK7hEAF,France
France,790,france,a0Ea000000GlK7gEAF,3/28/24 11:04,5781,33,71,Europe,FR,FRA,French,N,[128416] (FranceSalesOrder.Queue@kaspersky.com) France Owner Queue,France+ [4747],a0Ea000000GlK7gEAF,France
Finland,780,finland,a0Ea000000GlK7fEAF,3/28/24 11:04,5780,358,70,Europe,FI,FIN,English (United States),N,[128408] (BeneluxSalesOrder.Queue@kaspersky.com) Benelux Owner Queue,Nordics [4771],a0Ea000000GlK7fEAF,Nordics
Fiji,770,fiji,a0Ea000000GlK7eEAF,3/28/24 11:04,5779,679,69,APAC,FJ,FJI,English (United States),N,[128404] (ANZSalesOrder.Queue@kaspersky.com) ANZ Owner Queue,Australia & Oceania [4727],a0Ea000000GlK7eEAF,Australia & Oceania
Faroe Islands,760,faroe-islands,a0Ea000000GlK7dEAF,3/28/24 11:04,5778,298,68,Europe,FO,FRO,English (United States),N,[128452] (UKSalesOrder.Queue@kaspersky.com) UK Owner Queue,UK & Ireland [4789],a0Ea000000GlK7dEAF,UK & Ireland
Falkland Islands,750,falkland-islands,a0Ea000000GlK7cEAF,3/28/24 11:04,5777,500,67,Americas,FK,FLK,Spanish (Mexico),N,[128446] (SOLASalesOrder.Queue@kaspersky.com) SOLA Owner Queue,SOLA [4779],a0Ea000000GlK7cEAF,SOLA
Ethiopia,740,ethiopia,a0Ea000000GlK7bEAF,3/28/24 11:04,5776,251,66,META,ET,ETH,English (United States),N,[128402] (AFSalesOrder.Queue@kaspersky.com) AF Owner Queue,Africa [4717],a0Ea000000GlK7bEAF,Africa
Eswatini,730,eswatini,a0Ea000000GlK9gEAF,3/28/24 11:04,5775,268,195,META,SZ,SWZ,English (United States),N,[128402] (AFSalesOrder.Queue@kaspersky.com) AF Owner Queue,Africa [4717],a0Ea000000GlK9gEAF,Africa
Estonia,720,estonia,a0Ea000000GlK7aEAF,3/28/24 11:04,5774,372,65,Europe,EE,EST,English (United States),N,[128414] (EESalesOrder.Queue@kaspersky.com) EE Owner Queue,Eastern Europe [4743],a0Ea000000GlK7aEAF,Eastern Europe
Eritrea,710,eritrea,a0Ea000000GlK7ZEAV,3/28/24 11:04,5773,291,64,META,ER,ERI,English (United States),N,[128430] (MESalesOrder.Queue@kaspersky.com) ME Owner Queue,Middle East [4767],a0Ea000000GlK7ZEAV,Middle East
Equatorial Guinea,700,equatorial-guinea,a0Ea000000GlK7YEAV,3/28/24 11:04,5772,240,63,Europe,GQ,GNQ,French,N,[128416] (FranceSalesOrder.Queue@kaspersky.com) France Owner Queue,France+ [4747],a0Ea000000GlK7YEAV,NWC Africa
El Salvador,690,el-salvador,a0Ea000000GlK7XEAV,3/28/24 11:04,5771,503,62,Americas,SV,SLV,Spanish (Mexico),N,[128436] (NOLASalesOrder.Queue@kaspersky.com) NOLA Owner Queue,NOLA [4769],a0Ea000000GlK7XEAV,NOLA
Egypt,680,egypt,a0Ea000000GlK7WEAV,3/28/24 11:04,5770,20,61,META,EG,EGY,English (United States),N,[128430] (MESalesOrder.Queue@kaspersky.com) ME Owner Queue,Middle East [4767],a0Ea000000GlK7WEAV,Middle East
Ecuador,670,ecuador,a0Ea000000GlK7VEAV,3/28/24 11:04,5769,593,60,Americas,EC,ECU,Spanish (Mexico),N,[128446] (SOLASalesOrder.Queue@kaspersky.com) SOLA Owner Queue,SOLA [4779],a0Ea000000GlK7VEAV,SOLA
Dominican Republic,660,dominican-republic,a0Ea000000GlK7UEAV,3/28/24 11:04,5768,1,58,Americas,DO,DOM,Spanish (Mexico),N,[128436] (NOLASalesOrder.Queue@kaspersky.com) NOLA Owner Queue,NOLA [4769],a0Ea000000GlK7UEAV,NOLA
Dominica,650,dominica,a0Ea000000GlK7TEAV,3/28/24 11:04,5767,1,57,Americas,DM,DMA,Spanish (Mexico),N,[128436] (NOLASalesOrder.Queue@kaspersky.com) NOLA Owner Queue,NOLA [4769],a0Ea000000GlK7TEAV,NOLA
Djibouti,640,djibouti,a0Ea000000GlK7SEAV,3/28/24 11:04,5766,253,56,META,DJ,DJI,English (United States),N,[128430] (MESalesOrder.Queue@kaspersky.com) ME Owner Queue,Middle East [4767],a0Ea000000GlK7SEAV,Middle East
Denmark,630,denmark,a0Ea000000GlK7REAV,3/28/24 11:04,5765,45,55,Europe,DK,DNK,English (United States),N,[128408] (BeneluxSalesOrder.Queue@kaspersky.com) Benelux Owner Queue,Nordics [4771],a0Ea000000GlK7REAV,Nordics
Czech Republic,620,czech-republic,a0Ea000000GlK7QEAV,3/28/24 11:04,5764,420,54,Europe,CZ,CZE,English (United States),N,[128414] (EESalesOrder.Queue@kaspersky.com) EE Owner Queue,Eastern Europe [4743],a0Ea000000GlK7QEAV,Eastern Europe
Cyprus,610,cyprus,a0Ea000000GlK7PEAV,3/28/24 11:04,5763,357,53,Europe,CY,CYP,English (United States),N,[128414] (EESalesOrder.Queue@kaspersky.com) EE Owner Queue,Eastern Europe [4743],a0Ea000000GlK7PEAV,Eastern Europe
Curacao,600,curacao,a0Ea000000GlK9uEAF,3/28/24 11:04,5762,599,274,Europe,CW,CUW,English (United States),N,[128408] (BeneluxSalesOrder.Queue@kaspersky.com) Benelux Owner Queue,Benelux [4733],a0Ea000000GlK9uEAF,Benelux
Cuba,590,cuba,a0Ea000000GlK9oEAF,3/28/24 11:04,5761,53,232,Americas,CU,CUB,Spanish (Mexico),Y,[128436] (NOLASalesOrder.Queue@kaspersky.com) NOLA Owner Queue,NOLA [4769],a0Ea000000GlK9oEAF,NOLA
Croatia,580,croatia,a0Ea000000GlK7OEAV,3/28/24 11:04,5760,385,52,Europe,HR,HRV,English (United States),N,[128414] (EESalesOrder.Queue@kaspersky.com) EE Owner Queue,Eastern Europe [4743],a0Ea000000GlK7OEAV,Eastern Europe
Cote D'Ivoire,570,cote-divoire,a0Ea000000GlK7NEAV,3/28/24 11:04,5759,225,51,Europe,CI,CIV,French,N,[128416] (FranceSalesOrder.Queue@kaspersky.com) France Owner Queue,France+ [4747],a0Ea000000GlK7NEAV,NWC Africa
Costa Rica,560,costa-rica,a0Ea000000GlK7MEAV,3/28/24 11:04,5758,506,50,Americas,CR,CRI,Spanish (Mexico),N,[128436] (NOLASalesOrder.Queue@kaspersky.com) NOLA Owner Queue,NOLA [4769],a0Ea000000GlK7MEAV,NOLA
Cook Islands,550,cook-islands,a0Ea000000GlK7LEAV,3/28/24 11:04,5757,682,49,APAC,CK,COK,English (United States),N,[128404] (ANZSalesOrder.Queue@kaspersky.com) ANZ Owner Queue,Australia & Oceania [4727],a0Ea000000GlK7LEAV,Australia & Oceania
Congo (Republic of),540,congo-republic-of,a0Ea000000GlK7KEAV,3/28/24 11:04,5756,242,48,Europe,CG,COG,French,N,[128416] (FranceSalesOrder.Queue@kaspersky.com) France Owner Queue,France+ [4747],a0Ea000000GlK7KEAV,NWC Africa
Congo (DRC),530,congo-drc,a0Ea000000GlK9rEAF,3/28/24 11:04,5755,243,260,Europe,CD,COD,French,N,[128416] (FranceSalesOrder.Queue@kaspersky.com) France Owner Queue,France+ [4747],a0Ea000000GlK9rEAF,NWC Africa
Comoros,520,comoros,a0Ea000000GlK7JEAV,3/28/24 11:04,5754,269,47,META,KM,COM,English (United States),N,[128402] (AFSalesOrder.Queue@kaspersky.com) AF Owner Queue,Africa [4717],a0Ea000000GlK7JEAV,Africa
Colombia,510,colombia,a0Ea000000GlK7IEAV,3/28/24 11:04,5753,57,46,Americas,CO,COL,Spanish (Mexico),N,[128436] (NOLASalesOrder.Queue@kaspersky.com) NOLA Owner Queue,NOLA [4769],a0Ea000000GlK7IEAV,NOLA
Cocos (Keeling) Islands,500,cocos-keeling-islands,a0Ea000000GlK7HEAV,3/28/24 11:04,5752,61,45,APAC,CC,CCK,English (United States),N,[128404] (ANZSalesOrder.Queue@kaspersky.com) ANZ Owner Queue,Australia & Oceania [4727],a0Ea000000GlK7HEAV,Australia & Oceania
Christmas Island,490,christmas-island,a0Ea000000GlK7GEAV,3/28/24 11:04,5751,61,44,APAC,CX,CXR,English (United States),N,[128404] (ANZSalesOrder.Queue@kaspersky.com) ANZ Owner Queue,Australia & Oceania [4727],a0Ea000000GlK7GEAV,Australia & Oceania
China,480,china,a0Ea000000GlK7FEAV,3/28/24 11:04,5750,86,43,APAC,CN,CHN,Chinese (Simplified),N,[128418] (ChinaSalesOrder.Queue@kaspersky.com) China Owner Queue,Greater China [4751],a0Ea000000GlK7FEAV,Greater China
Chile,470,chile,a0Ea000000GlK7EEAV,3/28/24 11:04,5749,56,42,Americas,CL,CHL,Spanish (Mexico),N,[128446] (SOLASalesOrder.Queue@kaspersky.com) SOLA Owner Queue,SOLA [4779],a0Ea000000GlK7EEAV,SOLA
Chad,460,chad,a0Ea000000GlK7DEAV,3/28/24 11:04,5748,235,41,Europe,TD,TCD,French,N,[128416] (FranceSalesOrder.Queue@kaspersky.com) France Owner Queue,France+ [4747],a0Ea000000GlK7DEAV,NWC Africa
Central African Republic,450,central-african-republic,a0Ea000000GlK7CEAV,3/28/24 11:04,5747,236,40,Europe,CF,CAF,French,N,[128416] (FranceSalesOrder.Queue@kaspersky.com) France Owner Queue,France+ [4747],a0Ea000000GlK7CEAV,NWC Africa
Cayman Islands,440,cayman-islands,a0Ea000000GlK7BEAV,3/28/24 11:04,5746,1,39,Americas,KY,CYM,Spanish (Mexico),N,[128436] (NOLASalesOrder.Queue@kaspersky.com) NOLA Owner Queue,NOLA [4769],a0Ea000000GlK7BEAV,NOLA
Cape Verde,430,cape-verde,a0Ea000000GlK7AEAV,3/28/24 11:04,5745,238,38,Europe,CV,CPV,French,N,[128416] (FranceSalesOrder.Queue@kaspersky.com) France Owner Queue,France+ [4747],a0Ea000000GlK7AEAV,NWC Africa
Canada,420,canada,a0Ea000000GlK79EAF,3/28/24 11:04,5744,1,37,Americas,CA,CAN,English (United States),N,[128434] (NASalesOrder.Queue@kaspersky.com) NA Owner Queue,Canada [4737],a0Ea000000GlK79EAF,Canada
Cameroon,410,cameroon,a0Ea000000GlK78EAF,3/28/24 11:04,5743,237,36,Europe,CM,CMR,French,N,[128416] (FranceSalesOrder.Queue@kaspersky.com) France Owner Queue,France+ [4747],a0Ea000000GlK78EAF,NWC Africa
Cambodia,400,cambodia,a0Ea000000GlK77EAF,3/28/24 11:04,5742,855,35,APAC,KH,KHM,English (United States),N,[128444] (SEASalesOrder.Queue@kaspersky.com) SEA Owner Queue,South East Asia [4783],a0Ea000000GlK77EAF,South East Asia
Burundi,390,burundi,a0Ea000000GlK76EAF,3/28/24 11:04,5741,257,34,META,BI,BDI,English (United States),N,[128056] (Africa.LAR.queue@kaspersky.com) Africa. LAR queue,Africa [4717],a0Ea000000GlK76EAF,Africa
Burkina Faso,380,burkina-faso,a0Ea000000GlK75EAF,3/28/24 11:04,5740,226,33,Europe,BF,BFA,French,N,[128416] (FranceSalesOrder.Queue@kaspersky.com) France Owner Queue,France+ [4747],a0Ea000000GlK75EAF,NWC Africa
Bulgaria,370,bulgaria,a0Ea000000GlK74EAF,3/28/24 11:04,5739,359,32,Europe,BG,BGR,English (United States),N,[128414] (EESalesOrder.Queue@kaspersky.com) EE Owner Queue,Eastern Europe [4743],a0Ea000000GlK74EAF,Eastern Europe
Brunei Darussalam,360,brunei-darussalam,a0Ea000000GlK73EAF,3/28/24 11:04,5738,673,31,APAC,BN,BRN,English (United States),N,[128444] (SEASalesOrder.Queue@kaspersky.com) SEA Owner Queue,South East Asia [4783],a0Ea000000GlK73EAF,South East Asia
British Virgin Islands,350,british-virgin-islands,a0Ea000000GlK9nEAF,3/28/24 11:04,5737,1,223,Americas,VG,VGB,Spanish (Mexico),N,[128436] (NOLASalesOrder.Queue@kaspersky.com) NOLA Owner Queue,NOLA [4769],a0Ea000000GlK9nEAF,NOLA
British Indian Ocean Territories,340,british-indian-ocean-territories,a0Ea000000GlK72EAF,3/28/24 11:04,5736,246,30,APAC,IO,IOT,English (United States),N,[128442] (SASalesOrder.Queue@kaspersky.com) SA Owner Queue,South Asia [4781],a0Ea000000GlK72EAF,South Asia
Brazil,330,brazil,a0Ea000000GlK71EAF,3/28/24 11:04,5735,55,29,Americas,BR,BRA,Portuguese (Brazil),N,[128410] (BrazilSalesOrder.Queue@kaspersky.com) Brazil Owner Queue,Brazil [4735],a0Ea000000GlK71EAF,Brazil
Bouvet Island,320,bouvet-island,a0Ea000000GlK70EAF,3/28/24 11:04,5734,47,28,Europe,BV,BVT,English (United States),N,[128408] (BeneluxSalesOrder.Queue@kaspersky.com) Benelux Owner Queue,Nordics [4771],a0Ea000000GlK70EAF,Nordics
Botswana,310,botswana,a0Ea000000GlK6zEAF,3/28/24 11:04,5733,267,27,META,BW,BWA,English (United States),N,[128402] (AFSalesOrder.Queue@kaspersky.com) AF Owner Queue,Africa [4717],a0Ea000000GlK6zEAF,Africa
Bosnia and Herzegovina,300,bosnia-and-herzegovina,a0Ea000000GlK6yEAF,3/28/24 11:04,5732,387,26,Europe,BA,BIH,English (United States),N,[128414] (EESalesOrder.Queue@kaspersky.com) EE Owner Queue,Eastern Europe [4743],a0Ea000000GlK6yEAF,Eastern Europe
"Bonaire, Sint Eustatius and Saba",290,bonaire-sint-eustatius-and-saba,a0Ea000000GlK9tEAF,3/28/24 11:04,5731,599,272,Europe,BQ,BES,English (United States),N,[128408] (BeneluxSalesOrder.Queue@kaspersky.com) Benelux Owner Queue,Benelux [4733],a0Ea000000GlK9tEAF,Benelux
Bolivia,280,bolivia,a0Ea000000GlK6xEAF,3/28/24 11:04,5730,591,25,Americas,BO,BOL,Spanish (Mexico),N,[128446] (SOLASalesOrder.Queue@kaspersky.com) SOLA Owner Queue,SOLA [4779],a0Ea000000GlK6xEAF,SOLA
Bhutan,270,bhutan,a0Ea000000GlK6wEAF,3/28/24 11:04,5729,975,24,APAC,BT,BTN,English (United States),N,[128442] (SASalesOrder.Queue@kaspersky.com) SA Owner Queue,South Asia [4781],a0Ea000000GlK6wEAF,South Asia
Bermuda,260,bermuda,a0Ea000000GlK6vEAF,3/28/24 11:04,5728,1,23,Americas,BM,BMU,Spanish (Mexico),N,[128436] (NOLASalesOrder.Queue@kaspersky.com) NOLA Owner Queue,NOLA [4769],a0Ea000000GlK6vEAF,NOLA
Benin,250,benin,a0Ea000000GlK6uEAF,3/28/24 11:04,5727,229,22,Europe,BJ,BEN,French,N,[128416] (FranceSalesOrder.Queue@kaspersky.com) France Owner Queue,France+ [4747],a0Ea000000GlK6uEAF,NWC Africa
Belize,240,belize,a0Ea000000GlK6tEAF,3/28/24 11:04,5726,501,21,Americas,BZ,BLZ,Spanish (Mexico),N,[128436] (NOLASalesOrder.Queue@kaspersky.com) NOLA Owner Queue,NOLA [4769],a0Ea000000GlK6tEAF,NOLA
Belgium,230,belgium,a0Ea000000GlK6sEAF,3/28/24 11:04,5725,32,20,Europe,BE,BEL,English (United States),N,[128408] (BeneluxSalesOrder.Queue@kaspersky.com) Benelux Owner Queue,Benelux [4733],a0Ea000000GlK6sEAF,Benelux
Belarus,220,belarus,a0Ea000000GlK6rEAF,6/7/24 15:32,5724,375,19,Russia++,BY,BLR,Russian,N,[128406] (BelarusSalesOrder.Queue@kaspersky.com) Belarus Owner Queue,Belarus [4731],a0Ea000000GlK6rEAF,Belarus
Barbados,210,barbados,a0Ea000000GlK6qEAF,3/28/24 11:04,5723,1,18,Americas,BB,BRB,Spanish (Mexico),N,[128436] (NOLASalesOrder.Queue@kaspersky.com) NOLA Owner Queue,NOLA [4769],a0Ea000000GlK6qEAF,NOLA
Bangladesh,200,bangladesh,a0Ea000000GlK6pEAF,3/28/24 11:04,5722,880,17,APAC,BD,BGD,English (United States),N,[128442] (SASalesOrder.Queue@kaspersky.com) SA Owner Queue,South Asia [4781],a0Ea000000GlK6pEAF,South Asia
Bahrain,190,bahrain,a0Ea000000GlK6oEAF,3/28/24 15:14,5721,973,16,META,BH,BHR,English (United States),N,[129712] (KSASalesOrder.Queue@kaspersky.com) KSA Owner Queue,Kingdom of Saudi Arabia [13488],a0Ea000000GlK6oEAF,Saudi Arabia
Bahamas,180,bahamas,a0Ea000000GlK6nEAF,3/28/24 11:04,5720,1,15,Americas,BS,BHS,Spanish (Mexico),N,[128436] (NOLASalesOrder.Queue@kaspersky.com) NOLA Owner Queue,NOLA [4769],a0Ea000000GlK6nEAF,NOLA
Azerbaijan,170,azerbaijan,a0Ea000000GlK6mEAF,6/7/24 15:32,5719,994,14,Russia++,AZ,AZE,Russian,N,[128440] (Russia&CaucasusSalesorder.Queue@kaspersky.com) Russia&Caucasus Owner Queue,Caucasus [4739],a0Ea000000GlK6mEAF,Caucasus
Austria,160,austria,a0Ea000000GlK6lEAF,3/28/24 11:04,5718,43,13,Europe,AT,AUT,German,N,[128412] (DACHSalesOrder.Queue@kaspersky.com) DACH Owner Queue,DACH [4741],a0Ea000000GlK6lEAF,DACH
Australia,150,australia,a0Ea000000GlK6kEAF,3/28/24 11:04,5717,61,12,APAC,AU,AUS,English (United States),N,[128404] (ANZSalesOrder.Queue@kaspersky.com) ANZ Owner Queue,Australia & Oceania [4727],a0Ea000000GlK6kEAF,Australia & Oceania
Aruba,140,aruba,a0Ea000000GlK6jEAF,3/28/24 11:04,5716,297,11,Americas,AW,ABW,Spanish (Mexico),N,[128436] (NOLASalesOrder.Queue@kaspersky.com) NOLA Owner Queue,NOLA [4769],a0Ea000000GlK6jEAF,NOLA
Armenia,130,armenia,a0Ea000000GlK6iEAF,6/7/24 15:32,5715,374,10,Russia++,AM,ARM,Russian,N,[128440] (Russia&CaucasusSalesorder.Queue@kaspersky.com) Russia&Caucasus Owner Queue,Caucasus [4739],a0Ea000000GlK6iEAF,Caucasus
Argentina,120,argentina,a0Ea000000GlK6hEAF,3/28/24 11:04,5714,54,9,Americas,AR,ARG,Spanish (Mexico),N,[128446] (SOLASalesOrder.Queue@kaspersky.com) SOLA Owner Queue,SOLA [4779],a0Ea000000GlK6hEAF,SOLA
Antigua and Barbuda,110,antigua-and-barbuda,a0Ea000000GlK6gEAF,3/28/24 11:04,5713,1,8,Americas,AG,ATG,Spanish (Mexico),N,[128436] (NOLASalesOrder.Queue@kaspersky.com) NOLA Owner Queue,NOLA [4769],a0Ea000000GlK6gEAF,NOLA
Antarctica,100,antarctica,a0Ea000000GlK6fEAF,3/28/24 11:04,5712,672,7,APAC,AQ,ATA,English (United States),N,[128404] (ANZSalesOrder.Queue@kaspersky.com) ANZ Owner Queue,Australia & Oceania [4727],a0Ea000000GlK6fEAF,Australia & Oceania
Anguilla,90,anguilla,a0Ea000000GlK6eEAF,3/28/24 11:04,5711,1,6,Americas,AI,AIA,Spanish (Mexico),N,[128436] (NOLASalesOrder.Queue@kaspersky.com) NOLA Owner Queue,NOLA [4769],a0Ea000000GlK6eEAF,NOLA
Angola,80,angola,a0Ea000000GlK6dEAF,3/28/24 11:04,5710,244,5,META,AO,AGO,English (United States),N,[128402] (AFSalesOrder.Queue@kaspersky.com) AF Owner Queue,Africa [4717],a0Ea000000GlK6dEAF,Africa
Andorra,70,andorra,a0Ea000000GlK6cEAF,3/28/24 11:04,5709,376,4,Europe,AD,AND,Spanish,N,[128420] (IberiaSalesOrder.Queue@kaspersky.com) Iberia Owner Queue,Iberia [4753],a0Ea000000GlK6cEAF,Iberia
American Samoa,60,american-samoa,a0Ea000000GlK6bEAF,3/28/24 11:04,5708,1,3,APAC,AS,ASM,English (United States),N,[128404] (ANZSalesOrder.Queue@kaspersky.com) ANZ Owner Queue,Australia & Oceania [4727],a0Ea000000GlK6bEAF,Australia & Oceania
Algeria,50,algeria,a0Ea000000GlK6aEAF,3/28/24 11:04,5707,213,2,Europe,DZ,DZA,French,N,[128416] (FranceSalesOrder.Queue@kaspersky.com) France Owner Queue,France+ [4747],a0Ea000000GlK6aEAF,NWC Africa
Albania,40,albania,a0Ea000000GlK6ZEAV,3/28/24 11:04,5706,355,1,Europe,AL,ALB,English (United States),N,[128414] (EESalesOrder.Queue@kaspersky.com) EE Owner Queue,Eastern Europe [4743],a0Ea000000GlK6ZEAV,Eastern Europe
Aland Islands,30,aland-islands,a0Ea000000GlK9sEAF,3/28/24 11:04,5705,358,270,Europe,AX,ALA,English (United States),N,[128408] (BeneluxSalesOrder.Queue@kaspersky.com) Benelux Owner Queue,Nordics [4771],a0Ea000000GlK9sEAF,Nordics
Afghanistan,20,afghanistan,a0Ea000000GlK9pEAF,3/28/24 11:04,5704,93,236,META,AF,AFG,English (United States),N,[128430] (MESalesOrder.Queue@kaspersky.com) ME Owner Queue,Middle East [4767],a0Ea000000GlK9pEAF,Middle East
Abkhazia,10,abkhazia,a0Ea000000GlK9qEAF,6/7/24 15:32,5703,7,258,Russia++,AH,ABH,Russian,Y,[128440] (Russia&CaucasusSalesorder.Queue@kaspersky.com) Russia&Caucasus Owner Queue,Caucasus [4739],a0Ea000000GlK9qEAF,Caucasus